{"cameraMode":{"drawMode":0,"name":"Shaded","section":"Shading Mode"},"sceneLighting":true,"audioPlay":false,"sceneViewState":{"showFog":true,"showMaterialUpdate":false,"showSkybox":true,"showFlares":true,"showImageEffects":true,"showParticleSystems":true},"in2DMode":false,"pivot":{"x":3.6575639247894289,"y":4.323026180267334,"z":-8.580928802490235},"rotation":{"x":-0.3257001042366028,"y":0.2690172791481018,"z":-0.09722572565078736,"w":-0.9011741280555725},"size":1.7011098861694337,"orthographic":false}