{"cameraMode":{"drawMode":0,"name":"Shaded","section":"Shading Mode"},"sceneLighting":true,"audioPlay":false,"sceneViewState":{"showFog":true,"showMaterialUpdate":false,"showSkybox":true,"showFlares":true,"showImageEffects":true,"showParticleSystems":true},"in2DMode":false,"pivot":{"x":0.5402795076370239,"y":6.65904426574707,"z":-2.968179702758789},"rotation":{"x":0.4652310311794281,"y":0.002655563410371542,"z":-0.0013956923503428698,"w":0.885184109210968},"size":9.764182090759278,"orthographic":true}