{"cameraMode":{"drawMode":0,"name":"Shaded","section":"Shading Mode"},"sceneLighting":true,"audioPlay":false,"sceneViewState":{"showFog":true,"showMaterialUpdate":false,"showSkybox":true,"showFlares":true,"showImageEffects":true,"showParticleSystems":true},"in2DMode":false,"pivot":{"x":-9.57533073425293,"y":-0.6653996109962463,"z":-8.5044584274292},"rotation":{"x":-0.3005014955997467,"y":0.23483599722385407,"z":-0.0766017809510231,"w":-0.9212418794631958},"size":9.962451934814454,"orthographic":false}