{"cameraMode":{"drawMode":0,"name":"Shaded","section":"Shading Mode"},"sceneLighting":true,"audioPlay":false,"sceneViewState":{"showFog":true,"showMaterialUpdate":false,"showSkybox":true,"showFlares":true,"showImageEffects":true,"showParticleSystems":true},"in2DMode":false,"pivot":{"x":10.035118103027344,"y":4.863680362701416,"z":-26.142276763916017},"rotation":{"x":-0.40259498357772829,"y":0.2697758376598358,"z":-0.12546302378177644,"w":-0.865678608417511},"size":11.977129936218262,"orthographic":false}