{"cameraMode":{"drawMode":0,"name":"Shaded","section":"Shading Mode"},"sceneLighting":false,"audioPlay":false,"sceneViewState":{"showFog":true,"showMaterialUpdate":false,"showSkybox":false,"showFlares":true,"showImageEffects":true,"showParticleSystems":true},"in2DMode":false,"pivot":{"x":-1.91241455078125,"y":11.788198471069336,"z":2.0718915462493898},"rotation":{"x":0.23232802748680116,"y":-0.54725581407547,"z":0.16140854358673097,"w":0.787709653377533},"size":17.510072708129884,"orthographic":false}